soc_fraction,ocv_volts
0.00,3.01227
0.01,3.38456
0.02,3.38456
0.03,3.38456
0.04,3.41867
0.05,3.44157
0.06,3.45657
0.07,3.46855
0.08,3.47883
0.09,3.48856
0.10,3.49790
0.11,3.50721
0.12,3.51712
0.13,3.52677
0.14,3.53591
0.15,3.54444
0.16,3.55245
0.17,3.55905
0.18,3.56466
0.19,3.56941
0.20,3.57368
0.21,3.57750
0.22,3.58127
0.23,3.58475
0.24,3.58821
0.25,3.59162
0.26,3.59501
0.27,3.59822
0.28,3.60141
0.29,3.60469
0.30,3.60792
0.31,3.61101
0.32,3.61445
0.33,3.61778
0.34,3.62101
0.35,3.62449
0.36,3.62802
0.37,3.63161
0.38,3.63530
0.39,3.63919
0.40,3.64330
0.41,3.64755
0.42,3.65195
0.43,3.65658
0.44,3.66149
0.45,3.66664
0.46,3.67218
0.47,3.67785
0.48,3.68347
0.49,3.68918
0.50,3.69492
0.51,3.70092
0.52,3.70695
0.53,3.71326
0.54,3.71961
0.55,3.72630
0.56,3.73328
0.57,3.74055
0.58,3.74810
0.59,3.75589
0.60,3.76405
0.61,3.77253
0.62,3.78116
0.63,3.79013
0.64,3.79939
0.65,3.80904
0.66,3.81871
0.67,3.82865
0.68,3.83889
0.69,3.84923
0.70,3.85986
0.71,3.87061
0.72,3.88140
0.73,3.89251
0.74,3.90364
0.75,3.91481
0.76,3.92611
0.77,3.93752
0.78,3.94897
0.79,3.96049
0.80,3.97208
0.81,3.98370
0.82,3.99557
0.83,4.00757
0.84,4.01954
0.85,4.03181
0.86,4.04430
0.87,4.05673
0.88,4.06953
0.89,4.06954
0.90,4.06954
0.91,4.06954
0.92,4.06986
0.93,4.08252
0.94,4.09545
0.95,4.10843
0.96,4.12174
0.97,4.13546
0.98,4.14987
0.99,4.16618
1.00,4.19601
